{
  "closing": {
    "negative": {
      "DISCOVERY": 382182.2245,
      "MLB KIDS": 173479.53289,
      "MLB": 2238327
    },
    "base": {
      "MLB": 2248250,
      "MLB KIDS": 170602.70564,
      "DISCOVERY": 368992.74199999997
    },
    "positive": {
      "MLB": 2258170,
      "DISCOVERY": 356803.2095,
      "MLB KIDS": 167722.87839
    }
  },
  "retailHqMonthly": {
    "negative": {
      "DISCOVERY": [
        4084151,
        1531054,
        1703816,
        1757241,
        2298753,
        2070219,
        1178112,
        6027255,
        3700834.5,
        8081467.5,
        3900898.5,
        5406046.5
      ],
      "MLB KIDS": [
        19239727,
        14679712,
        11088466,
        14189341.800000003,
        15253136.099999998,
        8368369.93,
        8294845.44,
        13470518.190000001,
        12315461.770000001,
        25272658.86,
        12439459.350000001,
        13823746.390000004
      ],
      "MLB": [
        163956281,
        108539841,
        111832234,
        110742783.8,
        150882801.3,
        81510101.2,
        74846535.50000001,
        92669322.9,
        97793215.30000001,
        261890464.00000006,
        148693647.3,
        135003289.3
      ]
    },
    "base": {
      "MLB": [
        163956281,
        108539841,
        111832234,
        115776546.7,
        157741110.45,
        85215105.8,
        78248650.74999999,
        96881564.85,
        102238361.44999999,
        273794575.99999994,
        155452449.45,
        141139802.45
      ],
      "MLB KIDS": [
        19239727,
        14679712,
        11088466,
        14878144.800000003,
        15993579.600000001,
        8774601.48,
        8697507.84,
        14124426.840000002,
        12913299.719999999,
        26499486.960000005,
        13043316.600000001,
        14494802.040000001
      ],
      "DISCOVERY": [
        4084151,
        1531054,
        1703816,
        2342988,
        3065004,
        2760292,
        1570816,
        8036340,
        4934446,
        10775290,
        5201198,
        7208062
      ]
    },
    "positive": {
      "MLB": [
        163956281,
        108539841,
        111832234,
        120810309.6,
        164599419.6,
        88920110.4,
        81650766,
        101093806.80000001,
        106683507.6,
        285698688.00000006,
        162211251.6,
        147276315.59999996
      ],
      "DISCOVERY": [
        4084151,
        1531054,
        1703816,
        2928735,
        3831255,
        3450365,
        1963520,
        10045425,
        6168057.5,
        13469112.5,
        6501497.5,
        9010077.5
      ],
      "MLB KIDS": [
        19239727,
        14679712,
        11088466,
        15566947.799999999,
        16734023.099999998,
        9180833.03,
        9100170.239999998,
        14778335.489999998,
        13511137.67,
        27726315.06,
        13647173.849999998,
        15165857.69
      ]
    }
  },
  "savedAt": "2026-04-11T04:52:08.480Z",
  "version": "negative:d0,-8,250-h10,3,50|base:d5,-3,300-h15,8,100|positive:d10,2,350-h20,13,150",
  "retailDealerMonthly": {
    "negative": {
      "MLB": [
        857663578,
        1025642882,
        619396819,
        628797061,
        681168801,
        547940523,
        532990002,
        577069720,
        537533435,
        820452546,
        791155483,
        772660360
      ],
      "MLB KIDS": [
        36962412,
        38873011,
        21419291,
        24833283.080000006,
        26982782.119999997,
        19255651.52,
        19332833.080000006,
        24795742.479999997,
        20269808,
        31180759.6,
        26492843.479999997,
        26129483.959999997
      ],
      "DISCOVERY": [
        5838605,
        5178052,
        3068930,
        3891335,
        5959709,
        5766698,
        8195960.5,
        11462433.5,
        10951899,
        17374791,
        16035208,
        23440910.5
      ]
    },
    "base": {
      "MLB": [
        857663578,
        1025642882,
        619396819,
        660236914.05,
        715227241.05,
        575337549.15,
        559639502.1,
        605923206.0000001,
        564410106.75,
        861475173.3000001,
        830713257.1500001,
        811293378
      ],
      "MLB KIDS": [
        36962412,
        38873011,
        21419291,
        26182918.03,
        28449237.669999998,
        20302154.32,
        20383530.53,
        26143337.18,
        21371428,
        32875366.1,
        27932671.930000003,
        27549564.610000003
      ],
      "DISCOVERY": [
        5838605,
        5178052,
        3068930,
        4447240,
        6811096,
        6590512,
        9366812,
        13099924,
        12516456,
        19856904,
        18325952,
        26789612
      ]
    },
    "positive": {
      "MLB": [
        857663578,
        1025642882,
        619396819,
        691676767.1000001,
        749285681.0999999,
        602734575.3000001,
        586289002.2,
        634776692,
        591286778.5,
        902497800.6000001,
        870271031.3000002,
        849926396
      ],
      "MLB KIDS": [
        36962412,
        38873011,
        21419291,
        27532552.980000004,
        29915693.220000003,
        21348657.119999997,
        21434227.98,
        27490931.88,
        22473048,
        34569972.6,
        29372500.379999995,
        28969645.259999998
      ],
      "DISCOVERY": [
        5838605,
        5178052,
        3068930,
        5003145,
        7662483,
        7414326,
        10537663.5,
        14737414.5,
        14081013,
        22339017,
        20616696,
        30138313.5
      ]
    }
  }
}