{
  "closing": {
    "negative": {
      "DISCOVERY": 382182.2245,
      "MLB KIDS": 173479.53289,
      "MLB": 2238327
    },
    "base": {
      "MLB": 2248250,
      "MLB KIDS": 170602.70564,
      "DISCOVERY": 368992.74199999997
    },
    "positive": {
      "MLB": 2258170,
      "DISCOVERY": 356803.2095,
      "MLB KIDS": 167722.87839
    }
  },
  "retailHqMonthly": {
    "negative": {
      "DISCOVERY": [
        4084151,
        1531054,
        1703816,
        1757241,
        2298753,
        2070219,
        1178112,
        6027255,
        3700834.5,
        8081467.5,
        3900898.5,
        5406046.5
      ],
      "MLB KIDS": [
        19239727,
        14679712,
        11088466,
        14189341.800000003,
        15253136.099999998,
        8368369.93,
        8294845.44,
        13470518.190000001,
        12315461.770000001,
        25272658.86,
        12439459.350000001,
        13823746.390000004
      ],
      "MLB": [
        163956281,
        108539841,
        111832234,
        110742783.8,
        150882801.3,
        81510101.2,
        74846535.50000001,
        92669322.9,
        97793215.30000001,
        261890464.00000006,
        148693647.3,
        135003289.3
      ]
    },
    "base": {
      "MLB": [
        163956281,
        108539841,
        111832234,
        115776546.7,
        157741110.45,
        85215105.8,
        78248650.74999999,
        96881564.85,
        102238361.44999999,
        273794575.99999994,
        155452449.45,
        141139802.45
      ],
      "MLB KIDS": [
        19239727,
        14679712,
        11088466,
        14878144.800000003,
        15993579.600000001,
        8774601.48,
        8697507.84,
        14124426.840000002,
        12913299.719999999,
        26499486.960000005,
        13043316.600000001,
        14494802.040000001
      ],
      "DISCOVERY": [
        4084151,
        1531054,
        1703816,
        2342988,
        3065004,
        2760292,
        1570816,
        8036340,
        4934446,
        10775290,
        5201198,
        7208062
      ]
    },
    "positive": {
      "MLB": [
        163956281,
        108539841,
        111832234,
        120810309.6,
        164599419.6,
        88920110.4,
        81650766,
        101093806.80000001,
        106683507.6,
        285698688.00000006,
        162211251.6,
        147276315.59999996
      ],
      "DISCOVERY": [
        4084151,
        1531054,
        1703816,
        2928735,
        3831255,
        3450365,
        1963520,
        10045425,
        6168057.5,
        13469112.5,
        6501497.5,
        9010077.5
      ],
      "MLB KIDS": [
        19239727,
        14679712,
        11088466,
        15566947.799999999,
        16734023.099999998,
        9180833.03,
        9100170.239999998,
        14778335.489999998,
        13511137.67,
        27726315.06,
        13647173.849999998,
        15165857.69
      ]
    }
  },
  "savedAt": "2026-04-11T04:52:08.480Z",
  "version": "negative:d0,-8,250-h10,3,50|base:d5,-3,300-h15,8,100|positive:d10,2,350-h20,13,150"
}